district,season,season_start,oor_doy,data_source,oor_date_approx,oor_month,oor_month_name,decade,region
Balaka,1990/91,1990,309.8,synthetic,2000-11-04,11.0,November,1990s,Southern
Balaka,1991/92,1991,316.2,synthetic,2000-11-11,11.0,November,1990s,Southern
Balaka,1992/93,1992,317.9,synthetic,2000-11-12,11.0,November,1990s,Southern
Balaka,1993/94,1993,317.7,synthetic,2000-11-12,11.0,November,1990s,Southern
Balaka,1994/95,1994,331.4,synthetic,2000-11-26,11.0,November,1990s,Southern
Balaka,1995/96,1995,317.5,synthetic,2000-11-12,11.0,November,1990s,Southern
Balaka,1996/97,1996,321.7,synthetic,2000-11-16,11.0,November,1990s,Southern
Balaka,1997/98,1997,332.3,synthetic,2000-11-27,11.0,November,1990s,Southern
Balaka,1998/99,1998,320.5,synthetic,2000-11-15,11.0,November,1990s,Southern
Balaka,1999/00,1999,314.6,synthetic,2000-11-09,11.0,November,1990s,Southern
Balaka,2000/01,2000,314.7,synthetic,2000-11-09,11.0,November,2000s,Southern
Balaka,2001/02,2001,335.3,synthetic,2000-11-30,11.0,November,2000s,Southern
Balaka,2002/03,2002,326.1,synthetic,2000-11-21,11.0,November,2000s,Southern
Balaka,2003/04,2003,330.4,synthetic,2000-11-25,11.0,November,2000s,Southern
Balaka,2004/05,2004,328.6,synthetic,2000-11-23,11.0,November,2000s,Southern
Balaka,2005/06,2005,329.3,synthetic,2000-11-24,11.0,November,2000s,Southern
Balaka,2006/07,2006,318.4,synthetic,2000-11-13,11.0,November,2000s,Southern
Balaka,2007/08,2007,323.2,synthetic,2000-11-18,11.0,November,2000s,Southern
Balaka,2008/09,2008,327.9,synthetic,2000-11-22,11.0,November,2000s,Southern
Balaka,2009/10,2009,,synthetic,,,,2000s,Southern
Balaka,2010/11,2010,327.0,synthetic,2000-11-22,11.0,November,2010s,Southern
Balaka,2011/12,2011,321.0,synthetic,2000-11-16,11.0,November,2010s,Southern
Balaka,2012/13,2012,327.3,synthetic,2000-11-22,11.0,November,2010s,Southern
Balaka,2013/14,2013,324.3,synthetic,2000-11-19,11.0,November,2010s,Southern
Balaka,2014/15,2014,320.0,synthetic,2000-11-15,11.0,November,2010s,Southern
Balaka,2015/16,2015,344.9,synthetic,2000-12-09,12.0,December,2010s,Southern
Balaka,2016/17,2016,,synthetic,,,,2010s,Southern
Balaka,2017/18,2017,329.1,synthetic,2000-11-24,11.0,November,2010s,Southern
Balaka,2018/19,2018,333.5,synthetic,2000-11-28,11.0,November,2010s,Southern
Balaka,2019/20,2019,327.5,synthetic,2000-11-22,11.0,November,2010s,Southern
Balaka,2020/21,2020,329.8,synthetic,2000-11-24,11.0,November,2020s,Southern
Balaka,2021/22,2021,333.4,synthetic,2000-11-28,11.0,November,2020s,Southern
Balaka,2022/23,2022,337.5,synthetic,2000-12-02,12.0,December,2020s,Southern
Balaka,2023/24,2023,338.3,synthetic,2000-12-03,12.0,December,2020s,Southern
Blantyre,1990/91,1990,309.2,synthetic,2000-11-04,11.0,November,1990s,Southern
Blantyre,1991/92,1991,321.5,synthetic,2000-11-16,11.0,November,1990s,Southern
Blantyre,1992/93,1992,312.3,synthetic,2000-11-07,11.0,November,1990s,Southern
Blantyre,1993/94,1993,312.8,synthetic,2000-11-07,11.0,November,1990s,Southern
Blantyre,1994/95,1994,311.6,synthetic,2000-11-06,11.0,November,1990s,Southern
Blantyre,1995/96,1995,305.1,synthetic,2000-10-31,10.0,October,1990s,Southern
Blantyre,1996/97,1996,322.4,synthetic,2000-11-17,11.0,November,1990s,Southern
Blantyre,1997/98,1997,320.9,synthetic,2000-11-15,11.0,November,1990s,Southern
Blantyre,1998/99,1998,304.1,synthetic,2000-10-30,10.0,October,1990s,Southern
Blantyre,1999/00,1999,309.9,synthetic,2000-11-04,11.0,November,1990s,Southern
Blantyre,2000/01,2000,298.9,synthetic,2000-10-24,10.0,October,2000s,Southern
Blantyre,2001/02,2001,313.6,synthetic,2000-11-08,11.0,November,2000s,Southern
Blantyre,2002/03,2002,337.4,synthetic,2000-12-02,12.0,December,2000s,Southern
Blantyre,2003/04,2003,311.5,synthetic,2000-11-06,11.0,November,2000s,Southern
Blantyre,2004/05,2004,331.6,synthetic,2000-11-26,11.0,November,2000s,Southern
Blantyre,2005/06,2005,320.6,synthetic,2000-11-15,11.0,November,2000s,Southern
Blantyre,2006/07,2006,311.8,synthetic,2000-11-06,11.0,November,2000s,Southern
Blantyre,2007/08,2007,313.5,synthetic,2000-11-08,11.0,November,2000s,Southern
Blantyre,2008/09,2008,,synthetic,,,,2000s,Southern
Blantyre,2009/10,2009,327.7,synthetic,2000-11-22,11.0,November,2000s,Southern
Blantyre,2010/11,2010,323.2,synthetic,2000-11-18,11.0,November,2010s,Southern
Blantyre,2011/12,2011,311.7,synthetic,2000-11-06,11.0,November,2010s,Southern
Blantyre,2012/13,2012,323.1,synthetic,2000-11-18,11.0,November,2010s,Southern
Blantyre,2013/14,2013,319.4,synthetic,2000-11-14,11.0,November,2010s,Southern
Blantyre,2014/15,2014,321.5,synthetic,2000-11-16,11.0,November,2010s,Southern
Blantyre,2015/16,2015,334.9,synthetic,2000-11-29,11.0,November,2010s,Southern
Blantyre,2016/17,2016,313.2,synthetic,2000-11-08,11.0,November,2010s,Southern
Blantyre,2017/18,2017,323.3,synthetic,2000-11-18,11.0,November,2010s,Southern
Blantyre,2018/19,2018,341.9,synthetic,2000-12-06,12.0,December,2010s,Southern
Blantyre,2019/20,2019,,synthetic,,,,2010s,Southern
Blantyre,2020/21,2020,331.6,synthetic,2000-11-26,11.0,November,2020s,Southern
Blantyre,2021/22,2021,315.6,synthetic,2000-11-10,11.0,November,2020s,Southern
Blantyre,2022/23,2022,328.1,synthetic,2000-11-23,11.0,November,2020s,Southern
Blantyre,2023/24,2023,329.6,synthetic,2000-11-24,11.0,November,2020s,Southern
Chikwawa,1990/91,1990,310.6,synthetic,2000-11-05,11.0,November,1990s,Southern
Chikwawa,1991/92,1991,340.7,synthetic,2000-12-05,12.0,December,1990s,Southern
Chikwawa,1992/93,1992,317.7,synthetic,2000-11-12,11.0,November,1990s,Southern
Chikwawa,1993/94,1993,326.5,synthetic,2000-11-21,11.0,November,1990s,Southern
Chikwawa,1994/95,1994,336.5,synthetic,2000-12-01,12.0,December,1990s,Southern
Chikwawa,1995/96,1995,315.4,synthetic,2000-11-10,11.0,November,1990s,Southern
Chikwawa,1996/97,1996,311.1,synthetic,2000-11-06,11.0,November,1990s,Southern
Chikwawa,1997/98,1997,331.0,synthetic,2000-11-26,11.0,November,1990s,Southern
Chikwawa,1998/99,1998,307.3,synthetic,2000-11-02,11.0,November,1990s,Southern
Chikwawa,1999/00,1999,313.1,synthetic,2000-11-08,11.0,November,1990s,Southern
Chikwawa,2000/01,2000,313.3,synthetic,2000-11-08,11.0,November,2000s,Southern
Chikwawa,2001/02,2001,321.0,synthetic,2000-11-16,11.0,November,2000s,Southern
Chikwawa,2002/03,2002,326.5,synthetic,2000-11-21,11.0,November,2000s,Southern
Chikwawa,2003/04,2003,313.6,synthetic,2000-11-08,11.0,November,2000s,Southern
Chikwawa,2004/05,2004,338.8,synthetic,2000-12-03,12.0,December,2000s,Southern
Chikwawa,2005/06,2005,321.5,synthetic,2000-11-16,11.0,November,2000s,Southern
Chikwawa,2006/07,2006,324.5,synthetic,2000-11-19,11.0,November,2000s,Southern
Chikwawa,2007/08,2007,319.9,synthetic,2000-11-14,11.0,November,2000s,Southern
Chikwawa,2008/09,2008,330.0,synthetic,2000-11-25,11.0,November,2000s,Southern
Chikwawa,2009/10,2009,334.2,synthetic,2000-11-29,11.0,November,2000s,Southern
Chikwawa,2010/11,2010,310.4,synthetic,2000-11-05,11.0,November,2010s,Southern
Chikwawa,2011/12,2011,330.7,synthetic,2000-11-25,11.0,November,2010s,Southern
Chikwawa,2012/13,2012,317.8,synthetic,2000-11-12,11.0,November,2010s,Southern
Chikwawa,2013/14,2013,314.3,synthetic,2000-11-09,11.0,November,2010s,Southern
Chikwawa,2014/15,2014,325.2,synthetic,2000-11-20,11.0,November,2010s,Southern
Chikwawa,2015/16,2015,332.1,synthetic,2000-11-27,11.0,November,2010s,Southern
Chikwawa,2016/17,2016,322.8,synthetic,2000-11-17,11.0,November,2010s,Southern
Chikwawa,2017/18,2017,320.8,synthetic,2000-11-15,11.0,November,2010s,Southern
Chikwawa,2018/19,2018,332.5,synthetic,2000-11-27,11.0,November,2010s,Southern
Chikwawa,2019/20,2019,315.6,synthetic,2000-11-10,11.0,November,2010s,Southern
Chikwawa,2020/21,2020,309.7,synthetic,2000-11-04,11.0,November,2020s,Southern
Chikwawa,2021/22,2021,308.6,synthetic,2000-11-03,11.0,November,2020s,Southern
Chikwawa,2022/23,2022,327.2,synthetic,2000-11-22,11.0,November,2020s,Southern
Chikwawa,2023/24,2023,331.7,synthetic,2000-11-26,11.0,November,2020s,Southern
Chiradzulu,1990/91,1990,310.7,synthetic,2000-11-05,11.0,November,1990s,Southern
Chiradzulu,1991/92,1991,317.9,synthetic,2000-11-12,11.0,November,1990s,Southern
Chiradzulu,1992/93,1992,315.0,synthetic,2000-11-10,11.0,November,1990s,Southern
Chiradzulu,1993/94,1993,316.7,synthetic,2000-11-11,11.0,November,1990s,Southern
Chiradzulu,1994/95,1994,324.8,synthetic,2000-11-19,11.0,November,1990s,Southern
Chiradzulu,1995/96,1995,306.2,synthetic,2000-11-01,11.0,November,1990s,Southern
Chiradzulu,1996/97,1996,314.1,synthetic,2000-11-09,11.0,November,1990s,Southern
Chiradzulu,1997/98,1997,327.4,synthetic,2000-11-22,11.0,November,1990s,Southern
Chiradzulu,1998/99,1998,309.4,synthetic,2000-11-04,11.0,November,1990s,Southern
Chiradzulu,1999/00,1999,313.0,synthetic,2000-11-08,11.0,November,1990s,Southern
Chiradzulu,2000/01,2000,312.1,synthetic,2000-11-07,11.0,November,2000s,Southern
Chiradzulu,2001/02,2001,309.4,synthetic,2000-11-04,11.0,November,2000s,Southern
Chiradzulu,2002/03,2002,328.7,synthetic,2000-11-23,11.0,November,2000s,Southern
Chiradzulu,2003/04,2003,316.1,synthetic,2000-11-11,11.0,November,2000s,Southern
Chiradzulu,2004/05,2004,335.4,synthetic,2000-11-30,11.0,November,2000s,Southern
Chiradzulu,2005/06,2005,315.8,synthetic,2000-11-10,11.0,November,2000s,Southern
Chiradzulu,2006/07,2006,319.3,synthetic,2000-11-14,11.0,November,2000s,Southern
Chiradzulu,2007/08,2007,313.1,synthetic,2000-11-08,11.0,November,2000s,Southern
Chiradzulu,2008/09,2008,308.9,synthetic,2000-11-03,11.0,November,2000s,Southern
Chiradzulu,2009/10,2009,326.0,synthetic,2000-11-21,11.0,November,2000s,Southern
Chiradzulu,2010/11,2010,318.5,synthetic,2000-11-13,11.0,November,2010s,Southern
Chiradzulu,2011/12,2011,319.4,synthetic,2000-11-14,11.0,November,2010s,Southern
Chiradzulu,2012/13,2012,329.7,synthetic,2000-11-24,11.0,November,2010s,Southern
Chiradzulu,2013/14,2013,324.5,synthetic,2000-11-19,11.0,November,2010s,Southern
Chiradzulu,2014/15,2014,320.2,synthetic,2000-11-15,11.0,November,2010s,Southern
Chiradzulu,2015/16,2015,324.6,synthetic,2000-11-19,11.0,November,2010s,Southern
Chiradzulu,2016/17,2016,319.2,synthetic,2000-11-14,11.0,November,2010s,Southern
Chiradzulu,2017/18,2017,325.1,synthetic,2000-11-20,11.0,November,2010s,Southern
Chiradzulu,2018/19,2018,317.2,synthetic,2000-11-12,11.0,November,2010s,Southern
Chiradzulu,2019/20,2019,314.2,synthetic,2000-11-09,11.0,November,2010s,Southern
Chiradzulu,2020/21,2020,319.5,synthetic,2000-11-14,11.0,November,2020s,Southern
Chiradzulu,2021/22,2021,318.6,synthetic,2000-11-13,11.0,November,2020s,Southern
Chiradzulu,2022/23,2022,318.0,synthetic,2000-11-13,11.0,November,2020s,Southern
Chiradzulu,2023/24,2023,335.8,synthetic,2000-11-30,11.0,November,2020s,Southern
Chitipa,1990/91,1990,337.8,synthetic,2000-12-02,12.0,December,1990s,Northern
Chitipa,1991/92,1991,358.3,synthetic,2000-12-23,12.0,December,1990s,Northern
Chitipa,1992/93,1992,333.3,synthetic,2000-11-28,11.0,November,1990s,Northern
Chitipa,1993/94,1993,327.8,synthetic,2000-11-22,11.0,November,1990s,Northern
Chitipa,1994/95,1994,353.7,synthetic,2000-12-18,12.0,December,1990s,Northern
Chitipa,1995/96,1995,339.3,synthetic,2000-12-04,12.0,December,1990s,Northern
Chitipa,1996/97,1996,340.0,synthetic,2000-12-05,12.0,December,1990s,Northern
Chitipa,1997/98,1997,346.4,synthetic,2000-12-11,12.0,December,1990s,Northern
Chitipa,1998/99,1998,336.5,synthetic,2000-12-01,12.0,December,1990s,Northern
Chitipa,1999/00,1999,341.5,synthetic,2000-12-06,12.0,December,1990s,Northern
Chitipa,2000/01,2000,338.1,synthetic,2000-12-03,12.0,December,2000s,Northern
Chitipa,2001/02,2001,340.8,synthetic,2000-12-05,12.0,December,2000s,Northern
Chitipa,2002/03,2002,357.7,synthetic,2000-12-22,12.0,December,2000s,Northern
Chitipa,2003/04,2003,355.6,synthetic,2000-12-20,12.0,December,2000s,Northern
Chitipa,2004/05,2004,357.8,synthetic,2000-12-22,12.0,December,2000s,Northern
Chitipa,2005/06,2005,343.1,synthetic,2000-12-08,12.0,December,2000s,Northern
Chitipa,2006/07,2006,333.3,synthetic,2000-11-28,11.0,November,2000s,Northern
Chitipa,2007/08,2007,331.8,synthetic,2000-11-26,11.0,November,2000s,Northern
Chitipa,2008/09,2008,346.9,synthetic,2000-12-11,12.0,December,2000s,Northern
Chitipa,2009/10,2009,336.4,synthetic,2000-12-01,12.0,December,2000s,Northern
Chitipa,2010/11,2010,339.4,synthetic,2000-12-04,12.0,December,2010s,Northern
Chitipa,2011/12,2011,338.1,synthetic,2000-12-03,12.0,December,2010s,Northern
Chitipa,2012/13,2012,350.1,synthetic,2000-12-15,12.0,December,2010s,Northern
Chitipa,2013/14,2013,349.1,synthetic,2000-12-14,12.0,December,2010s,Northern
Chitipa,2014/15,2014,345.3,synthetic,2000-12-10,12.0,December,2010s,Northern
Chitipa,2015/16,2015,351.2,synthetic,2000-12-16,12.0,December,2010s,Northern
Chitipa,2016/17,2016,,synthetic,,,,2010s,Northern
Chitipa,2017/18,2017,352.7,synthetic,2000-12-17,12.0,December,2010s,Northern
Chitipa,2018/19,2018,351.4,synthetic,2000-12-16,12.0,December,2010s,Northern
Chitipa,2019/20,2019,344.5,synthetic,2000-12-09,12.0,December,2010s,Northern
Chitipa,2020/21,2020,346.7,synthetic,2000-12-11,12.0,December,2020s,Northern
Chitipa,2021/22,2021,344.9,synthetic,2000-12-09,12.0,December,2020s,Northern
Chitipa,2022/23,2022,349.3,synthetic,2000-12-14,12.0,December,2020s,Northern
Chitipa,2023/24,2023,355.9,synthetic,2000-12-20,12.0,December,2020s,Northern
Dedza,1990/91,1990,317.7,synthetic,2000-11-12,11.0,November,1990s,Central
Dedza,1991/92,1991,345.3,synthetic,2000-12-10,12.0,December,1990s,Central
Dedza,1992/93,1992,326.5,synthetic,2000-11-21,11.0,November,1990s,Central
Dedza,1993/94,1993,327.6,synthetic,2000-11-22,11.0,November,1990s,Central
Dedza,1994/95,1994,342.2,synthetic,2000-12-07,12.0,December,1990s,Central
Dedza,1995/96,1995,310.7,synthetic,2000-11-05,11.0,November,1990s,Central
Dedza,1996/97,1996,329.0,synthetic,2000-11-24,11.0,November,1990s,Central
Dedza,1997/98,1997,339.3,synthetic,2000-12-04,12.0,December,1990s,Central
Dedza,1998/99,1998,310.8,synthetic,2000-11-05,11.0,November,1990s,Central
Dedza,1999/00,1999,329.3,synthetic,2000-11-24,11.0,November,1990s,Central
Dedza,2000/01,2000,324.3,synthetic,2000-11-19,11.0,November,2000s,Central
Dedza,2001/02,2001,341.7,synthetic,2000-12-06,12.0,December,2000s,Central
Dedza,2002/03,2002,343.8,synthetic,2000-12-08,12.0,December,2000s,Central
Dedza,2003/04,2003,332.4,synthetic,2000-11-27,11.0,November,2000s,Central
Dedza,2004/05,2004,334.6,synthetic,2000-11-29,11.0,November,2000s,Central
Dedza,2005/06,2005,319.1,synthetic,2000-11-14,11.0,November,2000s,Central
Dedza,2006/07,2006,329.3,synthetic,2000-11-24,11.0,November,2000s,Central
Dedza,2007/08,2007,332.6,synthetic,2000-11-27,11.0,November,2000s,Central
Dedza,2008/09,2008,335.3,synthetic,2000-11-30,11.0,November,2000s,Central
Dedza,2009/10,2009,345.7,synthetic,2000-12-10,12.0,December,2000s,Central
Dedza,2010/11,2010,336.2,synthetic,2000-12-01,12.0,December,2010s,Central
Dedza,2011/12,2011,344.9,synthetic,2000-12-09,12.0,December,2010s,Central
Dedza,2012/13,2012,344.1,synthetic,2000-12-09,12.0,December,2010s,Central
Dedza,2013/14,2013,339.5,synthetic,2000-12-04,12.0,December,2010s,Central
Dedza,2014/15,2014,335.6,synthetic,2000-11-30,11.0,November,2010s,Central
Dedza,2015/16,2015,339.9,synthetic,2000-12-04,12.0,December,2010s,Central
Dedza,2016/17,2016,341.4,synthetic,2000-12-06,12.0,December,2010s,Central
Dedza,2017/18,2017,344.8,synthetic,2000-12-09,12.0,December,2010s,Central
Dedza,2018/19,2018,349.1,synthetic,2000-12-14,12.0,December,2010s,Central
Dedza,2019/20,2019,345.1,synthetic,2000-12-10,12.0,December,2010s,Central
Dedza,2020/21,2020,318.2,synthetic,2000-11-13,11.0,November,2020s,Central
Dedza,2021/22,2021,338.6,synthetic,2000-12-03,12.0,December,2020s,Central
Dedza,2022/23,2022,332.1,synthetic,2000-11-27,11.0,November,2020s,Central
Dedza,2023/24,2023,369.9,synthetic,2001-01-03,1.0,January,2020s,Central
Dowa,1990/91,1990,328.8,synthetic,2000-11-23,11.0,November,1990s,Central
Dowa,1991/92,1991,,synthetic,,,,1990s,Central
Dowa,1992/93,1992,331.5,synthetic,2000-11-26,11.0,November,1990s,Central
Dowa,1993/94,1993,331.1,synthetic,2000-11-26,11.0,November,1990s,Central
Dowa,1994/95,1994,349.7,synthetic,2000-12-14,12.0,December,1990s,Central
Dowa,1995/96,1995,331.7,synthetic,2000-11-26,11.0,November,1990s,Central
Dowa,1996/97,1996,336.6,synthetic,2000-12-01,12.0,December,1990s,Central
Dowa,1997/98,1997,335.0,synthetic,2000-11-30,11.0,November,1990s,Central
Dowa,1998/99,1998,320.0,synthetic,2000-11-15,11.0,November,1990s,Central
Dowa,1999/00,1999,328.3,synthetic,2000-11-23,11.0,November,1990s,Central
Dowa,2000/01,2000,318.4,synthetic,2000-11-13,11.0,November,2000s,Central
Dowa,2001/02,2001,315.5,synthetic,2000-11-10,11.0,November,2000s,Central
Dowa,2002/03,2002,332.5,synthetic,2000-11-27,11.0,November,2000s,Central
Dowa,2003/04,2003,329.5,synthetic,2000-11-24,11.0,November,2000s,Central
Dowa,2004/05,2004,344.1,synthetic,2000-12-09,12.0,December,2000s,Central
Dowa,2005/06,2005,335.6,synthetic,2000-11-30,11.0,November,2000s,Central
Dowa,2006/07,2006,334.0,synthetic,2000-11-29,11.0,November,2000s,Central
Dowa,2007/08,2007,339.6,synthetic,2000-12-04,12.0,December,2000s,Central
Dowa,2008/09,2008,330.6,synthetic,2000-11-25,11.0,November,2000s,Central
Dowa,2009/10,2009,337.9,synthetic,2000-12-02,12.0,December,2000s,Central
Dowa,2010/11,2010,321.5,synthetic,2000-11-16,11.0,November,2010s,Central
Dowa,2011/12,2011,330.2,synthetic,2000-11-25,11.0,November,2010s,Central
Dowa,2012/13,2012,339.2,synthetic,2000-12-04,12.0,December,2010s,Central
Dowa,2013/14,2013,333.2,synthetic,2000-11-28,11.0,November,2010s,Central
Dowa,2014/15,2014,337.8,synthetic,2000-12-02,12.0,December,2010s,Central
Dowa,2015/16,2015,344.9,synthetic,2000-12-09,12.0,December,2010s,Central
Dowa,2016/17,2016,329.8,synthetic,2000-11-24,11.0,November,2010s,Central
Dowa,2017/18,2017,326.9,synthetic,2000-11-21,11.0,November,2010s,Central
Dowa,2018/19,2018,343.7,synthetic,2000-12-08,12.0,December,2010s,Central
Dowa,2019/20,2019,321.8,synthetic,2000-11-16,11.0,November,2010s,Central
Dowa,2020/21,2020,325.7,synthetic,2000-11-20,11.0,November,2020s,Central
Dowa,2021/22,2021,325.1,synthetic,2000-11-20,11.0,November,2020s,Central
Dowa,2022/23,2022,338.8,synthetic,2000-12-03,12.0,December,2020s,Central
Dowa,2023/24,2023,353.1,synthetic,2000-12-18,12.0,December,2020s,Central
Karonga,1990/91,1990,327.5,synthetic,2000-11-22,11.0,November,1990s,Northern
Karonga,1991/92,1991,333.4,synthetic,2000-11-28,11.0,November,1990s,Northern
Karonga,1992/93,1992,336.0,synthetic,2000-12-01,12.0,December,1990s,Northern
Karonga,1993/94,1993,321.1,synthetic,2000-11-16,11.0,November,1990s,Northern
Karonga,1994/95,1994,352.1,synthetic,2000-12-17,12.0,December,1990s,Northern
Karonga,1995/96,1995,331.7,synthetic,2000-11-26,11.0,November,1990s,Northern
Karonga,1996/97,1996,336.1,synthetic,2000-12-01,12.0,December,1990s,Northern
Karonga,1997/98,1997,333.3,synthetic,2000-11-28,11.0,November,1990s,Northern
Karonga,1998/99,1998,332.3,synthetic,2000-11-27,11.0,November,1990s,Northern
Karonga,1999/00,1999,334.6,synthetic,2000-11-29,11.0,November,1990s,Northern
Karonga,2000/01,2000,336.1,synthetic,2000-12-01,12.0,December,2000s,Northern
Karonga,2001/02,2001,336.5,synthetic,2000-12-01,12.0,December,2000s,Northern
Karonga,2002/03,2002,350.8,synthetic,2000-12-15,12.0,December,2000s,Northern
Karonga,2003/04,2003,335.0,synthetic,2000-11-30,11.0,November,2000s,Northern
Karonga,2004/05,2004,330.7,synthetic,2000-11-25,11.0,November,2000s,Northern
Karonga,2005/06,2005,353.9,synthetic,2000-12-18,12.0,December,2000s,Northern
Karonga,2006/07,2006,327.6,synthetic,2000-11-22,11.0,November,2000s,Northern
Karonga,2007/08,2007,330.6,synthetic,2000-11-25,11.0,November,2000s,Northern
Karonga,2008/09,2008,343.8,synthetic,2000-12-08,12.0,December,2000s,Northern
Karonga,2009/10,2009,356.6,synthetic,2000-12-21,12.0,December,2000s,Northern
Karonga,2010/11,2010,331.6,synthetic,2000-11-26,11.0,November,2010s,Northern
Karonga,2011/12,2011,325.7,synthetic,2000-11-20,11.0,November,2010s,Northern
Karonga,2012/13,2012,340.3,synthetic,2000-12-05,12.0,December,2010s,Northern
Karonga,2013/14,2013,342.2,synthetic,2000-12-07,12.0,December,2010s,Northern
Karonga,2014/15,2014,337.2,synthetic,2000-12-02,12.0,December,2010s,Northern
Karonga,2015/16,2015,344.3,synthetic,2000-12-09,12.0,December,2010s,Northern
Karonga,2016/17,2016,352.2,synthetic,2000-12-17,12.0,December,2010s,Northern
Karonga,2017/18,2017,335.4,synthetic,2000-11-30,11.0,November,2010s,Northern
Karonga,2018/19,2018,353.9,synthetic,2000-12-18,12.0,December,2010s,Northern
Karonga,2019/20,2019,336.4,synthetic,2000-12-01,12.0,December,2010s,Northern
Karonga,2020/21,2020,340.5,synthetic,2000-12-05,12.0,December,2020s,Northern
Karonga,2021/22,2021,343.6,synthetic,2000-12-08,12.0,December,2020s,Northern
Karonga,2022/23,2022,340.5,synthetic,2000-12-05,12.0,December,2020s,Northern
Karonga,2023/24,2023,369.7,synthetic,2001-01-03,1.0,January,2020s,Northern
Kasungu,1990/91,1990,327.0,synthetic,2000-11-22,11.0,November,1990s,Central
Kasungu,1991/92,1991,345.4,synthetic,2000-12-10,12.0,December,1990s,Central
Kasungu,1992/93,1992,326.6,synthetic,2000-11-21,11.0,November,1990s,Central
Kasungu,1993/94,1993,334.5,synthetic,2000-11-29,11.0,November,1990s,Central
Kasungu,1994/95,1994,338.7,synthetic,2000-12-03,12.0,December,1990s,Central
Kasungu,1995/96,1995,329.7,synthetic,2000-11-24,11.0,November,1990s,Central
Kasungu,1996/97,1996,326.6,synthetic,2000-11-21,11.0,November,1990s,Central
Kasungu,1997/98,1997,333.6,synthetic,2000-11-28,11.0,November,1990s,Central
Kasungu,1998/99,1998,333.1,synthetic,2000-11-28,11.0,November,1990s,Central
Kasungu,1999/00,1999,323.8,synthetic,2000-11-18,11.0,November,1990s,Central
Kasungu,2000/01,2000,323.4,synthetic,2000-11-18,11.0,November,2000s,Central
Kasungu,2001/02,2001,333.2,synthetic,2000-11-28,11.0,November,2000s,Central
Kasungu,2002/03,2002,344.4,synthetic,2000-12-09,12.0,December,2000s,Central
Kasungu,2003/04,2003,335.7,synthetic,2000-11-30,11.0,November,2000s,Central
Kasungu,2004/05,2004,336.4,synthetic,2000-12-01,12.0,December,2000s,Central
Kasungu,2005/06,2005,334.8,synthetic,2000-11-29,11.0,November,2000s,Central
Kasungu,2006/07,2006,337.0,synthetic,2000-12-02,12.0,December,2000s,Central
Kasungu,2007/08,2007,320.8,synthetic,2000-11-15,11.0,November,2000s,Central
Kasungu,2008/09,2008,347.5,synthetic,2000-12-12,12.0,December,2000s,Central
Kasungu,2009/10,2009,345.9,synthetic,2000-12-10,12.0,December,2000s,Central
Kasungu,2010/11,2010,335.3,synthetic,2000-11-30,11.0,November,2010s,Central
Kasungu,2011/12,2011,,synthetic,,,,2010s,Central
Kasungu,2012/13,2012,,synthetic,,,,2010s,Central
Kasungu,2013/14,2013,332.0,synthetic,2000-11-27,11.0,November,2010s,Central
Kasungu,2014/15,2014,348.3,synthetic,2000-12-13,12.0,December,2010s,Central
Kasungu,2015/16,2015,,synthetic,,,,2010s,Central
Kasungu,2016/17,2016,349.1,synthetic,2000-12-14,12.0,December,2010s,Central
Kasungu,2017/18,2017,347.2,synthetic,2000-12-12,12.0,December,2010s,Central
Kasungu,2018/19,2018,357.5,synthetic,2000-12-22,12.0,December,2010s,Central
Kasungu,2019/20,2019,339.2,synthetic,2000-12-04,12.0,December,2010s,Central
Kasungu,2020/21,2020,349.6,synthetic,2000-12-14,12.0,December,2020s,Central
Kasungu,2021/22,2021,342.5,synthetic,2000-12-07,12.0,December,2020s,Central
Kasungu,2022/23,2022,354.6,synthetic,2000-12-19,12.0,December,2020s,Central
Kasungu,2023/24,2023,,synthetic,,,,2020s,Central
Lilongwe,1990/91,1990,325.5,synthetic,2000-11-20,11.0,November,1990s,Central
Lilongwe,1991/92,1991,347.0,synthetic,2000-12-12,12.0,December,1990s,Central
Lilongwe,1992/93,1992,333.9,synthetic,2000-11-28,11.0,November,1990s,Central
Lilongwe,1993/94,1993,334.2,synthetic,2000-11-29,11.0,November,1990s,Central
Lilongwe,1994/95,1994,326.2,synthetic,2000-11-21,11.0,November,1990s,Central
Lilongwe,1995/96,1995,,synthetic,,,,1990s,Central
Lilongwe,1996/97,1996,326.8,synthetic,2000-11-21,11.0,November,1990s,Central
Lilongwe,1997/98,1997,337.9,synthetic,2000-12-02,12.0,December,1990s,Central
Lilongwe,1998/99,1998,322.9,synthetic,2000-11-17,11.0,November,1990s,Central
Lilongwe,1999/00,1999,315.8,synthetic,2000-11-10,11.0,November,1990s,Central
Lilongwe,2000/01,2000,323.1,synthetic,2000-11-18,11.0,November,2000s,Central
Lilongwe,2001/02,2001,328.4,synthetic,2000-11-23,11.0,November,2000s,Central
Lilongwe,2002/03,2002,342.7,synthetic,2000-12-07,12.0,December,2000s,Central
Lilongwe,2003/04,2003,324.8,synthetic,2000-11-19,11.0,November,2000s,Central
Lilongwe,2004/05,2004,341.1,synthetic,2000-12-06,12.0,December,2000s,Central
Lilongwe,2005/06,2005,337.2,synthetic,2000-12-02,12.0,December,2000s,Central
Lilongwe,2006/07,2006,323.5,synthetic,2000-11-18,11.0,November,2000s,Central
Lilongwe,2007/08,2007,323.7,synthetic,2000-11-18,11.0,November,2000s,Central
Lilongwe,2008/09,2008,333.2,synthetic,2000-11-28,11.0,November,2000s,Central
Lilongwe,2009/10,2009,339.8,synthetic,2000-12-04,12.0,December,2000s,Central
Lilongwe,2010/11,2010,328.9,synthetic,2000-11-23,11.0,November,2010s,Central
Lilongwe,2011/12,2011,332.7,synthetic,2000-11-27,11.0,November,2010s,Central
Lilongwe,2012/13,2012,335.1,synthetic,2000-11-30,11.0,November,2010s,Central
Lilongwe,2013/14,2013,320.9,synthetic,2000-11-15,11.0,November,2010s,Central
Lilongwe,2014/15,2014,334.1,synthetic,2000-11-29,11.0,November,2010s,Central
Lilongwe,2015/16,2015,351.3,synthetic,2000-12-16,12.0,December,2010s,Central
Lilongwe,2016/17,2016,337.1,synthetic,2000-12-02,12.0,December,2010s,Central
Lilongwe,2017/18,2017,328.3,synthetic,2000-11-23,11.0,November,2010s,Central
Lilongwe,2018/19,2018,342.9,synthetic,2000-12-07,12.0,December,2010s,Central
Lilongwe,2019/20,2019,344.4,synthetic,2000-12-09,12.0,December,2010s,Central
Lilongwe,2020/21,2020,337.8,synthetic,2000-12-02,12.0,December,2020s,Central
Lilongwe,2021/22,2021,331.0,synthetic,2000-11-26,11.0,November,2020s,Central
Lilongwe,2022/23,2022,339.1,synthetic,2000-12-04,12.0,December,2020s,Central
Lilongwe,2023/24,2023,343.3,synthetic,2000-12-08,12.0,December,2020s,Central
Machinga,1990/91,1990,314.1,synthetic,2000-11-09,11.0,November,1990s,Southern
Machinga,1991/92,1991,327.7,synthetic,2000-11-22,11.0,November,1990s,Southern
Machinga,1992/93,1992,320.4,synthetic,2000-11-15,11.0,November,1990s,Southern
Machinga,1993/94,1993,307.4,synthetic,2000-11-02,11.0,November,1990s,Southern
Machinga,1994/95,1994,318.2,synthetic,2000-11-13,11.0,November,1990s,Southern
Machinga,1995/96,1995,312.3,synthetic,2000-11-07,11.0,November,1990s,Southern
Machinga,1996/97,1996,313.0,synthetic,2000-11-08,11.0,November,1990s,Southern
Machinga,1997/98,1997,330.6,synthetic,2000-11-25,11.0,November,1990s,Southern
Machinga,1998/99,1998,320.1,synthetic,2000-11-15,11.0,November,1990s,Southern
Machinga,1999/00,1999,304.7,synthetic,2000-10-30,10.0,October,1990s,Southern
Machinga,2000/01,2000,315.1,synthetic,2000-11-10,11.0,November,2000s,Southern
Machinga,2001/02,2001,325.7,synthetic,2000-11-20,11.0,November,2000s,Southern
Machinga,2002/03,2002,331.8,synthetic,2000-11-26,11.0,November,2000s,Southern
Machinga,2003/04,2003,327.4,synthetic,2000-11-22,11.0,November,2000s,Southern
Machinga,2004/05,2004,321.3,synthetic,2000-11-16,11.0,November,2000s,Southern
Machinga,2005/06,2005,322.0,synthetic,2000-11-17,11.0,November,2000s,Southern
Machinga,2006/07,2006,325.2,synthetic,2000-11-20,11.0,November,2000s,Southern
Machinga,2007/08,2007,325.8,synthetic,2000-11-20,11.0,November,2000s,Southern
Machinga,2008/09,2008,323.8,synthetic,2000-11-18,11.0,November,2000s,Southern
Machinga,2009/10,2009,340.4,synthetic,2000-12-05,12.0,December,2000s,Southern
Machinga,2010/11,2010,335.3,synthetic,2000-11-30,11.0,November,2010s,Southern
Machinga,2011/12,2011,320.5,synthetic,2000-11-15,11.0,November,2010s,Southern
Machinga,2012/13,2012,332.1,synthetic,2000-11-27,11.0,November,2010s,Southern
Machinga,2013/14,2013,327.8,synthetic,2000-11-22,11.0,November,2010s,Southern
Machinga,2014/15,2014,336.4,synthetic,2000-12-01,12.0,December,2010s,Southern
Machinga,2015/16,2015,352.0,synthetic,2000-12-17,12.0,December,2010s,Southern
Machinga,2016/17,2016,328.6,synthetic,2000-11-23,11.0,November,2010s,Southern
Machinga,2017/18,2017,343.2,synthetic,2000-12-08,12.0,December,2010s,Southern
Machinga,2018/19,2018,336.9,synthetic,2000-12-01,12.0,December,2010s,Southern
Machinga,2019/20,2019,332.9,synthetic,2000-11-27,11.0,November,2010s,Southern
Machinga,2020/21,2020,329.4,synthetic,2000-11-24,11.0,November,2020s,Southern
Machinga,2021/22,2021,331.2,synthetic,2000-11-26,11.0,November,2020s,Southern
Machinga,2022/23,2022,341.1,synthetic,2000-12-06,12.0,December,2020s,Southern
Machinga,2023/24,2023,354.5,synthetic,2000-12-19,12.0,December,2020s,Southern
Mangochi,1990/91,1990,,synthetic,,,,1990s,Southern
Mangochi,1991/92,1991,327.6,synthetic,2000-11-22,11.0,November,1990s,Southern
Mangochi,1992/93,1992,323.6,synthetic,2000-11-18,11.0,November,1990s,Southern
Mangochi,1993/94,1993,322.6,synthetic,2000-11-17,11.0,November,1990s,Southern
Mangochi,1994/95,1994,310.3,synthetic,2000-11-05,11.0,November,1990s,Southern
Mangochi,1995/96,1995,306.4,synthetic,2000-11-01,11.0,November,1990s,Southern
Mangochi,1996/97,1996,324.7,synthetic,2000-11-19,11.0,November,1990s,Southern
Mangochi,1997/98,1997,335.8,synthetic,2000-11-30,11.0,November,1990s,Southern
Mangochi,1998/99,1998,316.8,synthetic,2000-11-11,11.0,November,1990s,Southern
Mangochi,1999/00,1999,315.0,synthetic,2000-11-10,11.0,November,1990s,Southern
Mangochi,2000/01,2000,317.3,synthetic,2000-11-12,11.0,November,2000s,Southern
Mangochi,2001/02,2001,321.8,synthetic,2000-11-16,11.0,November,2000s,Southern
Mangochi,2002/03,2002,333.0,synthetic,2000-11-28,11.0,November,2000s,Southern
Mangochi,2003/04,2003,323.3,synthetic,2000-11-18,11.0,November,2000s,Southern
Mangochi,2004/05,2004,331.6,synthetic,2000-11-26,11.0,November,2000s,Southern
Mangochi,2005/06,2005,331.2,synthetic,2000-11-26,11.0,November,2000s,Southern
Mangochi,2006/07,2006,316.4,synthetic,2000-11-11,11.0,November,2000s,Southern
Mangochi,2007/08,2007,312.6,synthetic,2000-11-07,11.0,November,2000s,Southern
Mangochi,2008/09,2008,329.9,synthetic,2000-11-24,11.0,November,2000s,Southern
Mangochi,2009/10,2009,322.7,synthetic,2000-11-17,11.0,November,2000s,Southern
Mangochi,2010/11,2010,325.0,synthetic,2000-11-20,11.0,November,2010s,Southern
Mangochi,2011/12,2011,326.2,synthetic,2000-11-21,11.0,November,2010s,Southern
Mangochi,2012/13,2012,337.5,synthetic,2000-12-02,12.0,December,2010s,Southern
Mangochi,2013/14,2013,326.3,synthetic,2000-11-21,11.0,November,2010s,Southern
Mangochi,2014/15,2014,331.9,synthetic,2000-11-26,11.0,November,2010s,Southern
Mangochi,2015/16,2015,345.7,synthetic,2000-12-10,12.0,December,2010s,Southern
Mangochi,2016/17,2016,323.5,synthetic,2000-11-18,11.0,November,2010s,Southern
Mangochi,2017/18,2017,332.0,synthetic,2000-11-27,11.0,November,2010s,Southern
Mangochi,2018/19,2018,338.4,synthetic,2000-12-03,12.0,December,2010s,Southern
Mangochi,2019/20,2019,,synthetic,,,,2010s,Southern
Mangochi,2020/21,2020,330.1,synthetic,2000-11-25,11.0,November,2020s,Southern
Mangochi,2021/22,2021,319.2,synthetic,2000-11-14,11.0,November,2020s,Southern
Mangochi,2022/23,2022,330.0,synthetic,2000-11-25,11.0,November,2020s,Southern
Mangochi,2023/24,2023,340.0,synthetic,2000-12-05,12.0,December,2020s,Southern
Mchinji,1990/91,1990,329.5,synthetic,2000-11-24,11.0,November,1990s,Central
Mchinji,1991/92,1991,336.8,synthetic,2000-12-01,12.0,December,1990s,Central
Mchinji,1992/93,1992,328.5,synthetic,2000-11-23,11.0,November,1990s,Central
Mchinji,1993/94,1993,335.2,synthetic,2000-11-30,11.0,November,1990s,Central
Mchinji,1994/95,1994,,synthetic,,,,1990s,Central
Mchinji,1995/96,1995,323.1,synthetic,2000-11-18,11.0,November,1990s,Central
Mchinji,1996/97,1996,327.6,synthetic,2000-11-22,11.0,November,1990s,Central
Mchinji,1997/98,1997,338.5,synthetic,2000-12-03,12.0,December,1990s,Central
Mchinji,1998/99,1998,326.3,synthetic,2000-11-21,11.0,November,1990s,Central
Mchinji,1999/00,1999,321.4,synthetic,2000-11-16,11.0,November,1990s,Central
Mchinji,2000/01,2000,332.1,synthetic,2000-11-27,11.0,November,2000s,Central
Mchinji,2001/02,2001,333.0,synthetic,2000-11-28,11.0,November,2000s,Central
Mchinji,2002/03,2002,335.9,synthetic,2000-11-30,11.0,November,2000s,Central
Mchinji,2003/04,2003,336.4,synthetic,2000-12-01,12.0,December,2000s,Central
Mchinji,2004/05,2004,346.2,synthetic,2000-12-11,12.0,December,2000s,Central
Mchinji,2005/06,2005,345.6,synthetic,2000-12-10,12.0,December,2000s,Central
Mchinji,2006/07,2006,344.3,synthetic,2000-12-09,12.0,December,2000s,Central
Mchinji,2007/08,2007,321.8,synthetic,2000-11-16,11.0,November,2000s,Central
Mchinji,2008/09,2008,347.5,synthetic,2000-12-12,12.0,December,2000s,Central
Mchinji,2009/10,2009,344.7,synthetic,2000-12-09,12.0,December,2000s,Central
Mchinji,2010/11,2010,331.6,synthetic,2000-11-26,11.0,November,2010s,Central
Mchinji,2011/12,2011,350.6,synthetic,2000-12-15,12.0,December,2010s,Central
Mchinji,2012/13,2012,350.0,synthetic,2000-12-15,12.0,December,2010s,Central
Mchinji,2013/14,2013,341.2,synthetic,2000-12-06,12.0,December,2010s,Central
Mchinji,2014/15,2014,343.1,synthetic,2000-12-08,12.0,December,2010s,Central
Mchinji,2015/16,2015,346.0,synthetic,2000-12-11,12.0,December,2010s,Central
Mchinji,2016/17,2016,348.0,synthetic,2000-12-13,12.0,December,2010s,Central
Mchinji,2017/18,2017,341.1,synthetic,2000-12-06,12.0,December,2010s,Central
Mchinji,2018/19,2018,357.6,synthetic,2000-12-22,12.0,December,2010s,Central
Mchinji,2019/20,2019,353.4,synthetic,2000-12-18,12.0,December,2010s,Central
Mchinji,2020/21,2020,347.6,synthetic,2000-12-12,12.0,December,2020s,Central
Mchinji,2021/22,2021,344.2,synthetic,2000-12-09,12.0,December,2020s,Central
Mchinji,2022/23,2022,351.1,synthetic,2000-12-16,12.0,December,2020s,Central
Mchinji,2023/24,2023,352.6,synthetic,2000-12-17,12.0,December,2020s,Central
Mulanje,1990/91,1990,315.0,synthetic,2000-11-10,11.0,November,1990s,Southern
Mulanje,1991/92,1991,315.7,synthetic,2000-11-10,11.0,November,1990s,Southern
Mulanje,1992/93,1992,311.4,synthetic,2000-11-06,11.0,November,1990s,Southern
Mulanje,1993/94,1993,318.0,synthetic,2000-11-13,11.0,November,1990s,Southern
Mulanje,1994/95,1994,315.5,synthetic,2000-11-10,11.0,November,1990s,Southern
Mulanje,1995/96,1995,297.5,synthetic,2000-10-23,10.0,October,1990s,Southern
Mulanje,1996/97,1996,311.3,synthetic,2000-11-06,11.0,November,1990s,Southern
Mulanje,1997/98,1997,324.7,synthetic,2000-11-19,11.0,November,1990s,Southern
Mulanje,1998/99,1998,303.9,synthetic,2000-10-29,10.0,October,1990s,Southern
Mulanje,1999/00,1999,317.7,synthetic,2000-11-12,11.0,November,1990s,Southern
Mulanje,2000/01,2000,309.6,synthetic,2000-11-04,11.0,November,2000s,Southern
Mulanje,2001/02,2001,314.0,synthetic,2000-11-09,11.0,November,2000s,Southern
Mulanje,2002/03,2002,310.2,synthetic,2000-11-05,11.0,November,2000s,Southern
Mulanje,2003/04,2003,312.0,synthetic,2000-11-07,11.0,November,2000s,Southern
Mulanje,2004/05,2004,324.6,synthetic,2000-11-19,11.0,November,2000s,Southern
Mulanje,2005/06,2005,322.2,synthetic,2000-11-17,11.0,November,2000s,Southern
Mulanje,2006/07,2006,317.6,synthetic,2000-11-12,11.0,November,2000s,Southern
Mulanje,2007/08,2007,304.5,synthetic,2000-10-30,10.0,October,2000s,Southern
Mulanje,2008/09,2008,318.0,synthetic,2000-11-13,11.0,November,2000s,Southern
Mulanje,2009/10,2009,316.8,synthetic,2000-11-11,11.0,November,2000s,Southern
Mulanje,2010/11,2010,307.5,synthetic,2000-11-02,11.0,November,2010s,Southern
Mulanje,2011/12,2011,307.8,synthetic,2000-11-02,11.0,November,2010s,Southern
Mulanje,2012/13,2012,333.7,synthetic,2000-11-28,11.0,November,2010s,Southern
Mulanje,2013/14,2013,316.9,synthetic,2000-11-11,11.0,November,2010s,Southern
Mulanje,2014/15,2014,312.9,synthetic,2000-11-07,11.0,November,2010s,Southern
Mulanje,2015/16,2015,321.6,synthetic,2000-11-16,11.0,November,2010s,Southern
Mulanje,2016/17,2016,311.0,synthetic,2000-11-06,11.0,November,2010s,Southern
Mulanje,2017/18,2017,321.9,synthetic,2000-11-16,11.0,November,2010s,Southern
Mulanje,2018/19,2018,323.2,synthetic,2000-11-18,11.0,November,2010s,Southern
Mulanje,2019/20,2019,317.0,synthetic,2000-11-12,11.0,November,2010s,Southern
Mulanje,2020/21,2020,304.0,synthetic,2000-10-30,10.0,October,2020s,Southern
Mulanje,2021/22,2021,320.9,synthetic,2000-11-15,11.0,November,2020s,Southern
Mulanje,2022/23,2022,332.3,synthetic,2000-11-27,11.0,November,2020s,Southern
Mulanje,2023/24,2023,341.4,synthetic,2000-12-06,12.0,December,2020s,Southern
Mwanza,1990/91,1990,311.6,synthetic,2000-11-06,11.0,November,1990s,Southern
Mwanza,1991/92,1991,320.1,synthetic,2000-11-15,11.0,November,1990s,Southern
Mwanza,1992/93,1992,317.1,synthetic,2000-11-12,11.0,November,1990s,Southern
Mwanza,1993/94,1993,319.9,synthetic,2000-11-14,11.0,November,1990s,Southern
Mwanza,1994/95,1994,324.6,synthetic,2000-11-19,11.0,November,1990s,Southern
Mwanza,1995/96,1995,315.8,synthetic,2000-11-10,11.0,November,1990s,Southern
Mwanza,1996/97,1996,319.0,synthetic,2000-11-14,11.0,November,1990s,Southern
Mwanza,1997/98,1997,319.9,synthetic,2000-11-14,11.0,November,1990s,Southern
Mwanza,1998/99,1998,300.3,synthetic,2000-10-26,10.0,October,1990s,Southern
Mwanza,1999/00,1999,319.1,synthetic,2000-11-14,11.0,November,1990s,Southern
Mwanza,2000/01,2000,322.3,synthetic,2000-11-17,11.0,November,2000s,Southern
Mwanza,2001/02,2001,327.6,synthetic,2000-11-22,11.0,November,2000s,Southern
Mwanza,2002/03,2002,341.8,synthetic,2000-12-06,12.0,December,2000s,Southern
Mwanza,2003/04,2003,322.1,synthetic,2000-11-17,11.0,November,2000s,Southern
Mwanza,2004/05,2004,335.9,synthetic,2000-11-30,11.0,November,2000s,Southern
Mwanza,2005/06,2005,321.6,synthetic,2000-11-16,11.0,November,2000s,Southern
Mwanza,2006/07,2006,330.3,synthetic,2000-11-25,11.0,November,2000s,Southern
Mwanza,2007/08,2007,325.8,synthetic,2000-11-20,11.0,November,2000s,Southern
Mwanza,2008/09,2008,338.0,synthetic,2000-12-03,12.0,December,2000s,Southern
Mwanza,2009/10,2009,337.7,synthetic,2000-12-02,12.0,December,2000s,Southern
Mwanza,2010/11,2010,324.4,synthetic,2000-11-19,11.0,November,2010s,Southern
Mwanza,2011/12,2011,331.6,synthetic,2000-11-26,11.0,November,2010s,Southern
Mwanza,2012/13,2012,331.7,synthetic,2000-11-26,11.0,November,2010s,Southern
Mwanza,2013/14,2013,326.6,synthetic,2000-11-21,11.0,November,2010s,Southern
Mwanza,2014/15,2014,330.6,synthetic,2000-11-25,11.0,November,2010s,Southern
Mwanza,2015/16,2015,343.8,synthetic,2000-12-08,12.0,December,2010s,Southern
Mwanza,2016/17,2016,336.6,synthetic,2000-12-01,12.0,December,2010s,Southern
Mwanza,2017/18,2017,332.0,synthetic,2000-11-27,11.0,November,2010s,Southern
Mwanza,2018/19,2018,349.2,synthetic,2000-12-14,12.0,December,2010s,Southern
Mwanza,2019/20,2019,336.9,synthetic,2000-12-01,12.0,December,2010s,Southern
Mwanza,2020/21,2020,328.2,synthetic,2000-11-23,11.0,November,2020s,Southern
Mwanza,2021/22,2021,,synthetic,,,,2020s,Southern
Mwanza,2022/23,2022,344.5,synthetic,2000-12-09,12.0,December,2020s,Southern
Mwanza,2023/24,2023,347.7,synthetic,2000-12-12,12.0,December,2020s,Southern
Mzimba,1990/91,1990,,synthetic,,,,1990s,Northern
Mzimba,1991/92,1991,336.6,synthetic,2000-12-01,12.0,December,1990s,Northern
Mzimba,1992/93,1992,344.9,synthetic,2000-12-09,12.0,December,1990s,Northern
Mzimba,1993/94,1993,334.4,synthetic,2000-11-29,11.0,November,1990s,Northern
Mzimba,1994/95,1994,333.0,synthetic,2000-11-28,11.0,November,1990s,Northern
Mzimba,1995/96,1995,321.5,synthetic,2000-11-16,11.0,November,1990s,Northern
Mzimba,1996/97,1996,327.7,synthetic,2000-11-22,11.0,November,1990s,Northern
Mzimba,1997/98,1997,335.5,synthetic,2000-11-30,11.0,November,1990s,Northern
Mzimba,1998/99,1998,327.5,synthetic,2000-11-22,11.0,November,1990s,Northern
Mzimba,1999/00,1999,337.7,synthetic,2000-12-02,12.0,December,1990s,Northern
Mzimba,2000/01,2000,322.3,synthetic,2000-11-17,11.0,November,2000s,Northern
Mzimba,2001/02,2001,332.9,synthetic,2000-11-27,11.0,November,2000s,Northern
Mzimba,2002/03,2002,,synthetic,,,,2000s,Northern
Mzimba,2003/04,2003,340.1,synthetic,2000-12-05,12.0,December,2000s,Northern
Mzimba,2004/05,2004,344.9,synthetic,2000-12-09,12.0,December,2000s,Northern
Mzimba,2005/06,2005,338.6,synthetic,2000-12-03,12.0,December,2000s,Northern
Mzimba,2006/07,2006,340.5,synthetic,2000-12-05,12.0,December,2000s,Northern
Mzimba,2007/08,2007,323.7,synthetic,2000-11-18,11.0,November,2000s,Northern
Mzimba,2008/09,2008,344.5,synthetic,2000-12-09,12.0,December,2000s,Northern
Mzimba,2009/10,2009,351.6,synthetic,2000-12-16,12.0,December,2000s,Northern
Mzimba,2010/11,2010,347.8,synthetic,2000-12-12,12.0,December,2010s,Northern
Mzimba,2011/12,2011,352.2,synthetic,2000-12-17,12.0,December,2010s,Northern
Mzimba,2012/13,2012,337.1,synthetic,2000-12-02,12.0,December,2010s,Northern
Mzimba,2013/14,2013,344.9,synthetic,2000-12-09,12.0,December,2010s,Northern
Mzimba,2014/15,2014,336.6,synthetic,2000-12-01,12.0,December,2010s,Northern
Mzimba,2015/16,2015,344.2,synthetic,2000-12-09,12.0,December,2010s,Northern
Mzimba,2016/17,2016,343.0,synthetic,2000-12-08,12.0,December,2010s,Northern
Mzimba,2017/18,2017,347.5,synthetic,2000-12-12,12.0,December,2010s,Northern
Mzimba,2018/19,2018,354.9,synthetic,2000-12-19,12.0,December,2010s,Northern
Mzimba,2019/20,2019,347.8,synthetic,2000-12-12,12.0,December,2010s,Northern
Mzimba,2020/21,2020,339.4,synthetic,2000-12-04,12.0,December,2020s,Northern
Mzimba,2021/22,2021,344.5,synthetic,2000-12-09,12.0,December,2020s,Northern
Mzimba,2022/23,2022,351.5,synthetic,2000-12-16,12.0,December,2020s,Northern
Mzimba,2023/24,2023,347.6,synthetic,2000-12-12,12.0,December,2020s,Northern
Neno,1990/91,1990,321.8,synthetic,2000-11-16,11.0,November,1990s,Southern
Neno,1991/92,1991,332.8,synthetic,2000-11-27,11.0,November,1990s,Southern
Neno,1992/93,1992,317.1,synthetic,2000-11-12,11.0,November,1990s,Southern
Neno,1993/94,1993,321.2,synthetic,2000-11-16,11.0,November,1990s,Southern
Neno,1994/95,1994,340.5,synthetic,2000-12-05,12.0,December,1990s,Southern
Neno,1995/96,1995,310.6,synthetic,2000-11-05,11.0,November,1990s,Southern
Neno,1996/97,1996,309.3,synthetic,2000-11-04,11.0,November,1990s,Southern
Neno,1997/98,1997,319.7,synthetic,2000-11-14,11.0,November,1990s,Southern
Neno,1998/99,1998,310.2,synthetic,2000-11-05,11.0,November,1990s,Southern
Neno,1999/00,1999,314.7,synthetic,2000-11-09,11.0,November,1990s,Southern
Neno,2000/01,2000,322.8,synthetic,2000-11-17,11.0,November,2000s,Southern
Neno,2001/02,2001,326.4,synthetic,2000-11-21,11.0,November,2000s,Southern
Neno,2002/03,2002,328.8,synthetic,2000-11-23,11.0,November,2000s,Southern
Neno,2003/04,2003,321.3,synthetic,2000-11-16,11.0,November,2000s,Southern
Neno,2004/05,2004,336.5,synthetic,2000-12-01,12.0,December,2000s,Southern
Neno,2005/06,2005,325.5,synthetic,2000-11-20,11.0,November,2000s,Southern
Neno,2006/07,2006,323.6,synthetic,2000-11-18,11.0,November,2000s,Southern
Neno,2007/08,2007,330.4,synthetic,2000-11-25,11.0,November,2000s,Southern
Neno,2008/09,2008,322.3,synthetic,2000-11-17,11.0,November,2000s,Southern
Neno,2009/10,2009,342.8,synthetic,2000-12-07,12.0,December,2000s,Southern
Neno,2010/11,2010,322.8,synthetic,2000-11-17,11.0,November,2010s,Southern
Neno,2011/12,2011,322.6,synthetic,2000-11-17,11.0,November,2010s,Southern
Neno,2012/13,2012,334.9,synthetic,2000-11-29,11.0,November,2010s,Southern
Neno,2013/14,2013,334.5,synthetic,2000-11-29,11.0,November,2010s,Southern
Neno,2014/15,2014,329.6,synthetic,2000-11-24,11.0,November,2010s,Southern
Neno,2015/16,2015,328.0,synthetic,2000-11-23,11.0,November,2010s,Southern
Neno,2016/17,2016,332.0,synthetic,2000-11-27,11.0,November,2010s,Southern
Neno,2017/18,2017,315.4,synthetic,2000-11-10,11.0,November,2010s,Southern
Neno,2018/19,2018,339.1,synthetic,2000-12-04,12.0,December,2010s,Southern
Neno,2019/20,2019,326.0,synthetic,2000-11-21,11.0,November,2010s,Southern
Neno,2020/21,2020,331.2,synthetic,2000-11-26,11.0,November,2020s,Southern
Neno,2021/22,2021,327.1,synthetic,2000-11-22,11.0,November,2020s,Southern
Neno,2022/23,2022,334.3,synthetic,2000-11-29,11.0,November,2020s,Southern
Neno,2023/24,2023,345.4,synthetic,2000-12-10,12.0,December,2020s,Southern
Nkhata Bay,1990/91,1990,341.8,synthetic,2000-12-06,12.0,December,1990s,Northern
Nkhata Bay,1991/92,1991,338.8,synthetic,2000-12-03,12.0,December,1990s,Northern
Nkhata Bay,1992/93,1992,324.7,synthetic,2000-11-19,11.0,November,1990s,Northern
Nkhata Bay,1993/94,1993,332.3,synthetic,2000-11-27,11.0,November,1990s,Northern
Nkhata Bay,1994/95,1994,331.9,synthetic,2000-11-26,11.0,November,1990s,Northern
Nkhata Bay,1995/96,1995,311.5,synthetic,2000-11-06,11.0,November,1990s,Northern
Nkhata Bay,1996/97,1996,337.9,synthetic,2000-12-02,12.0,December,1990s,Northern
Nkhata Bay,1997/98,1997,342.2,synthetic,2000-12-07,12.0,December,1990s,Northern
Nkhata Bay,1998/99,1998,314.2,synthetic,2000-11-09,11.0,November,1990s,Northern
Nkhata Bay,1999/00,1999,326.8,synthetic,2000-11-21,11.0,November,1990s,Northern
Nkhata Bay,2000/01,2000,331.3,synthetic,2000-11-26,11.0,November,2000s,Northern
Nkhata Bay,2001/02,2001,328.9,synthetic,2000-11-23,11.0,November,2000s,Northern
Nkhata Bay,2002/03,2002,345.5,synthetic,2000-12-10,12.0,December,2000s,Northern
Nkhata Bay,2003/04,2003,331.0,synthetic,2000-11-26,11.0,November,2000s,Northern
Nkhata Bay,2004/05,2004,338.8,synthetic,2000-12-03,12.0,December,2000s,Northern
Nkhata Bay,2005/06,2005,329.2,synthetic,2000-11-24,11.0,November,2000s,Northern
Nkhata Bay,2006/07,2006,329.4,synthetic,2000-11-24,11.0,November,2000s,Northern
Nkhata Bay,2007/08,2007,326.6,synthetic,2000-11-21,11.0,November,2000s,Northern
Nkhata Bay,2008/09,2008,345.3,synthetic,2000-12-10,12.0,December,2000s,Northern
Nkhata Bay,2009/10,2009,350.1,synthetic,2000-12-15,12.0,December,2000s,Northern
Nkhata Bay,2010/11,2010,345.6,synthetic,2000-12-10,12.0,December,2010s,Northern
Nkhata Bay,2011/12,2011,333.1,synthetic,2000-11-28,11.0,November,2010s,Northern
Nkhata Bay,2012/13,2012,327.4,synthetic,2000-11-22,11.0,November,2010s,Northern
Nkhata Bay,2013/14,2013,341.2,synthetic,2000-12-06,12.0,December,2010s,Northern
Nkhata Bay,2014/15,2014,348.3,synthetic,2000-12-13,12.0,December,2010s,Northern
Nkhata Bay,2015/16,2015,346.2,synthetic,2000-12-11,12.0,December,2010s,Northern
Nkhata Bay,2016/17,2016,340.1,synthetic,2000-12-05,12.0,December,2010s,Northern
Nkhata Bay,2017/18,2017,339.5,synthetic,2000-12-04,12.0,December,2010s,Northern
Nkhata Bay,2018/19,2018,347.2,synthetic,2000-12-12,12.0,December,2010s,Northern
Nkhata Bay,2019/20,2019,346.8,synthetic,2000-12-11,12.0,December,2010s,Northern
Nkhata Bay,2020/21,2020,343.4,synthetic,2000-12-08,12.0,December,2020s,Northern
Nkhata Bay,2021/22,2021,329.1,synthetic,2000-11-24,11.0,November,2020s,Northern
Nkhata Bay,2022/23,2022,334.5,synthetic,2000-11-29,11.0,November,2020s,Northern
Nkhata Bay,2023/24,2023,356.4,synthetic,2000-12-21,12.0,December,2020s,Northern
Nkhotakota,1990/91,1990,323.4,synthetic,2000-11-18,11.0,November,1990s,Central
Nkhotakota,1991/92,1991,327.2,synthetic,2000-11-22,11.0,November,1990s,Central
Nkhotakota,1992/93,1992,328.1,synthetic,2000-11-23,11.0,November,1990s,Central
Nkhotakota,1993/94,1993,315.8,synthetic,2000-11-10,11.0,November,1990s,Central
Nkhotakota,1994/95,1994,337.0,synthetic,2000-12-02,12.0,December,1990s,Central
Nkhotakota,1995/96,1995,316.4,synthetic,2000-11-11,11.0,November,1990s,Central
Nkhotakota,1996/97,1996,331.3,synthetic,2000-11-26,11.0,November,1990s,Central
Nkhotakota,1997/98,1997,340.9,synthetic,2000-12-05,12.0,December,1990s,Central
Nkhotakota,1998/99,1998,317.3,synthetic,2000-11-12,11.0,November,1990s,Central
Nkhotakota,1999/00,1999,325.3,synthetic,2000-11-20,11.0,November,1990s,Central
Nkhotakota,2000/01,2000,321.2,synthetic,2000-11-16,11.0,November,2000s,Central
Nkhotakota,2001/02,2001,330.5,synthetic,2000-11-25,11.0,November,2000s,Central
Nkhotakota,2002/03,2002,,synthetic,,,,2000s,Central
Nkhotakota,2003/04,2003,335.4,synthetic,2000-11-30,11.0,November,2000s,Central
Nkhotakota,2004/05,2004,342.1,synthetic,2000-12-07,12.0,December,2000s,Central
Nkhotakota,2005/06,2005,333.3,synthetic,2000-11-28,11.0,November,2000s,Central
Nkhotakota,2006/07,2006,329.7,synthetic,2000-11-24,11.0,November,2000s,Central
Nkhotakota,2007/08,2007,329.1,synthetic,2000-11-24,11.0,November,2000s,Central
Nkhotakota,2008/09,2008,328.5,synthetic,2000-11-23,11.0,November,2000s,Central
Nkhotakota,2009/10,2009,343.3,synthetic,2000-12-08,12.0,December,2000s,Central
Nkhotakota,2010/11,2010,331.6,synthetic,2000-11-26,11.0,November,2010s,Central
Nkhotakota,2011/12,2011,338.3,synthetic,2000-12-03,12.0,December,2010s,Central
Nkhotakota,2012/13,2012,332.5,synthetic,2000-11-27,11.0,November,2010s,Central
Nkhotakota,2013/14,2013,340.8,synthetic,2000-12-05,12.0,December,2010s,Central
Nkhotakota,2014/15,2014,331.7,synthetic,2000-11-26,11.0,November,2010s,Central
Nkhotakota,2015/16,2015,342.8,synthetic,2000-12-07,12.0,December,2010s,Central
Nkhotakota,2016/17,2016,332.1,synthetic,2000-11-27,11.0,November,2010s,Central
Nkhotakota,2017/18,2017,333.3,synthetic,2000-11-28,11.0,November,2010s,Central
Nkhotakota,2018/19,2018,337.4,synthetic,2000-12-02,12.0,December,2010s,Central
Nkhotakota,2019/20,2019,353.1,synthetic,2000-12-18,12.0,December,2010s,Central
Nkhotakota,2020/21,2020,324.3,synthetic,2000-11-19,11.0,November,2020s,Central
Nkhotakota,2021/22,2021,335.5,synthetic,2000-11-30,11.0,November,2020s,Central
Nkhotakota,2022/23,2022,338.0,synthetic,2000-12-03,12.0,December,2020s,Central
Nkhotakota,2023/24,2023,359.4,synthetic,2000-12-24,12.0,December,2020s,Central
Nsanje,1990/91,1990,307.7,synthetic,2000-11-02,11.0,November,1990s,Southern
Nsanje,1991/92,1991,327.4,synthetic,2000-11-22,11.0,November,1990s,Southern
Nsanje,1992/93,1992,322.8,synthetic,2000-11-17,11.0,November,1990s,Southern
Nsanje,1993/94,1993,322.7,synthetic,2000-11-17,11.0,November,1990s,Southern
Nsanje,1994/95,1994,318.5,synthetic,2000-11-13,11.0,November,1990s,Southern
Nsanje,1995/96,1995,310.6,synthetic,2000-11-05,11.0,November,1990s,Southern
Nsanje,1996/97,1996,309.8,synthetic,2000-11-04,11.0,November,1990s,Southern
Nsanje,1997/98,1997,336.0,synthetic,2000-12-01,12.0,December,1990s,Southern
Nsanje,1998/99,1998,312.5,synthetic,2000-11-07,11.0,November,1990s,Southern
Nsanje,1999/00,1999,313.5,synthetic,2000-11-08,11.0,November,1990s,Southern
Nsanje,2000/01,2000,315.0,synthetic,2000-11-10,11.0,November,2000s,Southern
Nsanje,2001/02,2001,326.5,synthetic,2000-11-21,11.0,November,2000s,Southern
Nsanje,2002/03,2002,329.9,synthetic,2000-11-24,11.0,November,2000s,Southern
Nsanje,2003/04,2003,334.0,synthetic,2000-11-29,11.0,November,2000s,Southern
Nsanje,2004/05,2004,331.1,synthetic,2000-11-26,11.0,November,2000s,Southern
Nsanje,2005/06,2005,326.2,synthetic,2000-11-21,11.0,November,2000s,Southern
Nsanje,2006/07,2006,324.6,synthetic,2000-11-19,11.0,November,2000s,Southern
Nsanje,2007/08,2007,324.7,synthetic,2000-11-19,11.0,November,2000s,Southern
Nsanje,2008/09,2008,316.7,synthetic,2000-11-11,11.0,November,2000s,Southern
Nsanje,2009/10,2009,,synthetic,,,,2000s,Southern
Nsanje,2010/11,2010,313.1,synthetic,2000-11-08,11.0,November,2010s,Southern
Nsanje,2011/12,2011,317.9,synthetic,2000-11-12,11.0,November,2010s,Southern
Nsanje,2012/13,2012,,synthetic,,,,2010s,Southern
Nsanje,2013/14,2013,328.7,synthetic,2000-11-23,11.0,November,2010s,Southern
Nsanje,2014/15,2014,327.0,synthetic,2000-11-22,11.0,November,2010s,Southern
Nsanje,2015/16,2015,329.9,synthetic,2000-11-24,11.0,November,2010s,Southern
Nsanje,2016/17,2016,332.5,synthetic,2000-11-27,11.0,November,2010s,Southern
Nsanje,2017/18,2017,334.6,synthetic,2000-11-29,11.0,November,2010s,Southern
Nsanje,2018/19,2018,,synthetic,,,,2010s,Southern
Nsanje,2019/20,2019,326.6,synthetic,2000-11-21,11.0,November,2010s,Southern
Nsanje,2020/21,2020,314.5,synthetic,2000-11-09,11.0,November,2020s,Southern
Nsanje,2021/22,2021,325.3,synthetic,2000-11-20,11.0,November,2020s,Southern
Nsanje,2022/23,2022,341.4,synthetic,2000-12-06,12.0,December,2020s,Southern
Nsanje,2023/24,2023,334.6,synthetic,2000-11-29,11.0,November,2020s,Southern
Ntcheu,1990/91,1990,315.9,synthetic,2000-11-10,11.0,November,1990s,Central
Ntcheu,1991/92,1991,332.4,synthetic,2000-11-27,11.0,November,1990s,Central
Ntcheu,1992/93,1992,314.5,synthetic,2000-11-09,11.0,November,1990s,Central
Ntcheu,1993/94,1993,314.4,synthetic,2000-11-09,11.0,November,1990s,Central
Ntcheu,1994/95,1994,343.8,synthetic,2000-12-08,12.0,December,1990s,Central
Ntcheu,1995/96,1995,316.0,synthetic,2000-11-11,11.0,November,1990s,Central
Ntcheu,1996/97,1996,323.8,synthetic,2000-11-18,11.0,November,1990s,Central
Ntcheu,1997/98,1997,333.4,synthetic,2000-11-28,11.0,November,1990s,Central
Ntcheu,1998/99,1998,322.8,synthetic,2000-11-17,11.0,November,1990s,Central
Ntcheu,1999/00,1999,310.7,synthetic,2000-11-05,11.0,November,1990s,Central
Ntcheu,2000/01,2000,324.6,synthetic,2000-11-19,11.0,November,2000s,Central
Ntcheu,2001/02,2001,317.1,synthetic,2000-11-12,11.0,November,2000s,Central
Ntcheu,2002/03,2002,334.5,synthetic,2000-11-29,11.0,November,2000s,Central
Ntcheu,2003/04,2003,322.6,synthetic,2000-11-17,11.0,November,2000s,Central
Ntcheu,2004/05,2004,333.3,synthetic,2000-11-28,11.0,November,2000s,Central
Ntcheu,2005/06,2005,322.7,synthetic,2000-11-17,11.0,November,2000s,Central
Ntcheu,2006/07,2006,330.1,synthetic,2000-11-25,11.0,November,2000s,Central
Ntcheu,2007/08,2007,314.7,synthetic,2000-11-09,11.0,November,2000s,Central
Ntcheu,2008/09,2008,319.8,synthetic,2000-11-14,11.0,November,2000s,Central
Ntcheu,2009/10,2009,331.9,synthetic,2000-11-26,11.0,November,2000s,Central
Ntcheu,2010/11,2010,313.0,synthetic,2000-11-08,11.0,November,2010s,Central
Ntcheu,2011/12,2011,337.6,synthetic,2000-12-02,12.0,December,2010s,Central
Ntcheu,2012/13,2012,326.1,synthetic,2000-11-21,11.0,November,2010s,Central
Ntcheu,2013/14,2013,328.7,synthetic,2000-11-23,11.0,November,2010s,Central
Ntcheu,2014/15,2014,338.7,synthetic,2000-12-03,12.0,December,2010s,Central
Ntcheu,2015/16,2015,334.0,synthetic,2000-11-29,11.0,November,2010s,Central
Ntcheu,2016/17,2016,322.3,synthetic,2000-11-17,11.0,November,2010s,Central
Ntcheu,2017/18,2017,334.2,synthetic,2000-11-29,11.0,November,2010s,Central
Ntcheu,2018/19,2018,333.0,synthetic,2000-11-28,11.0,November,2010s,Central
Ntcheu,2019/20,2019,337.1,synthetic,2000-12-02,12.0,December,2010s,Central
Ntcheu,2020/21,2020,325.1,synthetic,2000-11-20,11.0,November,2020s,Central
Ntcheu,2021/22,2021,321.0,synthetic,2000-11-16,11.0,November,2020s,Central
Ntcheu,2022/23,2022,328.9,synthetic,2000-11-23,11.0,November,2020s,Central
Ntcheu,2023/24,2023,334.3,synthetic,2000-11-29,11.0,November,2020s,Central
Ntchisi,1990/91,1990,323.3,synthetic,2000-11-18,11.0,November,1990s,Central
Ntchisi,1991/92,1991,332.8,synthetic,2000-11-27,11.0,November,1990s,Central
Ntchisi,1992/93,1992,327.9,synthetic,2000-11-22,11.0,November,1990s,Central
Ntchisi,1993/94,1993,330.9,synthetic,2000-11-25,11.0,November,1990s,Central
Ntchisi,1994/95,1994,346.3,synthetic,2000-12-11,12.0,December,1990s,Central
Ntchisi,1995/96,1995,322.6,synthetic,2000-11-17,11.0,November,1990s,Central
Ntchisi,1996/97,1996,331.0,synthetic,2000-11-26,11.0,November,1990s,Central
Ntchisi,1997/98,1997,350.2,synthetic,2000-12-15,12.0,December,1990s,Central
Ntchisi,1998/99,1998,313.2,synthetic,2000-11-08,11.0,November,1990s,Central
Ntchisi,1999/00,1999,327.3,synthetic,2000-11-22,11.0,November,1990s,Central
Ntchisi,2000/01,2000,330.0,synthetic,2000-11-25,11.0,November,2000s,Central
Ntchisi,2001/02,2001,328.1,synthetic,2000-11-23,11.0,November,2000s,Central
Ntchisi,2002/03,2002,346.6,synthetic,2000-12-11,12.0,December,2000s,Central
Ntchisi,2003/04,2003,337.2,synthetic,2000-12-02,12.0,December,2000s,Central
Ntchisi,2004/05,2004,346.3,synthetic,2000-12-11,12.0,December,2000s,Central
Ntchisi,2005/06,2005,344.9,synthetic,2000-12-09,12.0,December,2000s,Central
Ntchisi,2006/07,2006,333.2,synthetic,2000-11-28,11.0,November,2000s,Central
Ntchisi,2007/08,2007,319.7,synthetic,2000-11-14,11.0,November,2000s,Central
Ntchisi,2008/09,2008,325.8,synthetic,2000-11-20,11.0,November,2000s,Central
Ntchisi,2009/10,2009,346.4,synthetic,2000-12-11,12.0,December,2000s,Central
Ntchisi,2010/11,2010,332.0,synthetic,2000-11-27,11.0,November,2010s,Central
Ntchisi,2011/12,2011,333.4,synthetic,2000-11-28,11.0,November,2010s,Central
Ntchisi,2012/13,2012,339.7,synthetic,2000-12-04,12.0,December,2010s,Central
Ntchisi,2013/14,2013,343.8,synthetic,2000-12-08,12.0,December,2010s,Central
Ntchisi,2014/15,2014,346.0,synthetic,2000-12-11,12.0,December,2010s,Central
Ntchisi,2015/16,2015,354.6,synthetic,2000-12-19,12.0,December,2010s,Central
Ntchisi,2016/17,2016,344.4,synthetic,2000-12-09,12.0,December,2010s,Central
Ntchisi,2017/18,2017,348.2,synthetic,2000-12-13,12.0,December,2010s,Central
Ntchisi,2018/19,2018,356.4,synthetic,2000-12-21,12.0,December,2010s,Central
Ntchisi,2019/20,2019,341.7,synthetic,2000-12-06,12.0,December,2010s,Central
Ntchisi,2020/21,2020,331.8,synthetic,2000-11-26,11.0,November,2020s,Central
Ntchisi,2021/22,2021,348.7,synthetic,2000-12-13,12.0,December,2020s,Central
Ntchisi,2022/23,2022,351.8,synthetic,2000-12-16,12.0,December,2020s,Central
Ntchisi,2023/24,2023,360.1,synthetic,2000-12-25,12.0,December,2020s,Central
Phalombe,1990/91,1990,305.6,synthetic,2000-10-31,10.0,October,1990s,Southern
Phalombe,1991/92,1991,328.1,synthetic,2000-11-23,11.0,November,1990s,Southern
Phalombe,1992/93,1992,308.3,synthetic,2000-11-03,11.0,November,1990s,Southern
Phalombe,1993/94,1993,300.6,synthetic,2000-10-26,10.0,October,1990s,Southern
Phalombe,1994/95,1994,311.8,synthetic,2000-11-06,11.0,November,1990s,Southern
Phalombe,1995/96,1995,299.4,synthetic,2000-10-25,10.0,October,1990s,Southern
Phalombe,1996/97,1996,321.6,synthetic,2000-11-16,11.0,November,1990s,Southern
Phalombe,1997/98,1997,324.5,synthetic,2000-11-19,11.0,November,1990s,Southern
Phalombe,1998/99,1998,307.1,synthetic,2000-11-02,11.0,November,1990s,Southern
Phalombe,1999/00,1999,308.4,synthetic,2000-11-03,11.0,November,1990s,Southern
Phalombe,2000/01,2000,290.3,synthetic,2000-10-16,10.0,October,2000s,Southern
Phalombe,2001/02,2001,299.5,synthetic,2000-10-25,10.0,October,2000s,Southern
Phalombe,2002/03,2002,326.5,synthetic,2000-11-21,11.0,November,2000s,Southern
Phalombe,2003/04,2003,312.2,synthetic,2000-11-07,11.0,November,2000s,Southern
Phalombe,2004/05,2004,338.7,synthetic,2000-12-03,12.0,December,2000s,Southern
Phalombe,2005/06,2005,312.7,synthetic,2000-11-07,11.0,November,2000s,Southern
Phalombe,2006/07,2006,314.2,synthetic,2000-11-09,11.0,November,2000s,Southern
Phalombe,2007/08,2007,301.8,synthetic,2000-10-27,10.0,October,2000s,Southern
Phalombe,2008/09,2008,316.2,synthetic,2000-11-11,11.0,November,2000s,Southern
Phalombe,2009/10,2009,338.5,synthetic,2000-12-03,12.0,December,2000s,Southern
Phalombe,2010/11,2010,314.3,synthetic,2000-11-09,11.0,November,2010s,Southern
Phalombe,2011/12,2011,320.0,synthetic,2000-11-15,11.0,November,2010s,Southern
Phalombe,2012/13,2012,310.4,synthetic,2000-11-05,11.0,November,2010s,Southern
Phalombe,2013/14,2013,313.2,synthetic,2000-11-08,11.0,November,2010s,Southern
Phalombe,2014/15,2014,319.1,synthetic,2000-11-14,11.0,November,2010s,Southern
Phalombe,2015/16,2015,334.7,synthetic,2000-11-29,11.0,November,2010s,Southern
Phalombe,2016/17,2016,314.9,synthetic,2000-11-09,11.0,November,2010s,Southern
Phalombe,2017/18,2017,327.4,synthetic,2000-11-22,11.0,November,2010s,Southern
Phalombe,2018/19,2018,328.4,synthetic,2000-11-23,11.0,November,2010s,Southern
Phalombe,2019/20,2019,323.6,synthetic,2000-11-18,11.0,November,2010s,Southern
Phalombe,2020/21,2020,319.5,synthetic,2000-11-14,11.0,November,2020s,Southern
Phalombe,2021/22,2021,325.9,synthetic,2000-11-20,11.0,November,2020s,Southern
Phalombe,2022/23,2022,328.2,synthetic,2000-11-23,11.0,November,2020s,Southern
Phalombe,2023/24,2023,336.5,synthetic,2000-12-01,12.0,December,2020s,Southern
Rumphi,1990/91,1990,344.2,synthetic,2000-12-09,12.0,December,1990s,Northern
Rumphi,1991/92,1991,,synthetic,,,,1990s,Northern
Rumphi,1992/93,1992,343.9,synthetic,2000-12-08,12.0,December,1990s,Northern
Rumphi,1993/94,1993,335.7,synthetic,2000-11-30,11.0,November,1990s,Northern
Rumphi,1994/95,1994,341.8,synthetic,2000-12-06,12.0,December,1990s,Northern
Rumphi,1995/96,1995,326.4,synthetic,2000-11-21,11.0,November,1990s,Northern
Rumphi,1996/97,1996,330.5,synthetic,2000-11-25,11.0,November,1990s,Northern
Rumphi,1997/98,1997,,synthetic,,,,1990s,Northern
Rumphi,1998/99,1998,330.5,synthetic,2000-11-25,11.0,November,1990s,Northern
Rumphi,1999/00,1999,330.9,synthetic,2000-11-25,11.0,November,1990s,Northern
Rumphi,2000/01,2000,330.3,synthetic,2000-11-25,11.0,November,2000s,Northern
Rumphi,2001/02,2001,339.0,synthetic,2000-12-04,12.0,December,2000s,Northern
Rumphi,2002/03,2002,,synthetic,,,,2000s,Northern
Rumphi,2003/04,2003,330.1,synthetic,2000-11-25,11.0,November,2000s,Northern
Rumphi,2004/05,2004,337.4,synthetic,2000-12-02,12.0,December,2000s,Northern
Rumphi,2005/06,2005,341.2,synthetic,2000-12-06,12.0,December,2000s,Northern
Rumphi,2006/07,2006,338.4,synthetic,2000-12-03,12.0,December,2000s,Northern
Rumphi,2007/08,2007,331.8,synthetic,2000-11-26,11.0,November,2000s,Northern
Rumphi,2008/09,2008,338.0,synthetic,2000-12-03,12.0,December,2000s,Northern
Rumphi,2009/10,2009,345.0,synthetic,2000-12-10,12.0,December,2000s,Northern
Rumphi,2010/11,2010,334.8,synthetic,2000-11-29,11.0,November,2010s,Northern
Rumphi,2011/12,2011,328.4,synthetic,2000-11-23,11.0,November,2010s,Northern
Rumphi,2012/13,2012,335.8,synthetic,2000-11-30,11.0,November,2010s,Northern
Rumphi,2013/14,2013,336.6,synthetic,2000-12-01,12.0,December,2010s,Northern
Rumphi,2014/15,2014,343.6,synthetic,2000-12-08,12.0,December,2010s,Northern
Rumphi,2015/16,2015,340.1,synthetic,2000-12-05,12.0,December,2010s,Northern
Rumphi,2016/17,2016,345.2,synthetic,2000-12-10,12.0,December,2010s,Northern
Rumphi,2017/18,2017,351.3,synthetic,2000-12-16,12.0,December,2010s,Northern
Rumphi,2018/19,2018,342.3,synthetic,2000-12-07,12.0,December,2010s,Northern
Rumphi,2019/20,2019,343.3,synthetic,2000-12-08,12.0,December,2010s,Northern
Rumphi,2020/21,2020,337.5,synthetic,2000-12-02,12.0,December,2020s,Northern
Rumphi,2021/22,2021,348.7,synthetic,2000-12-13,12.0,December,2020s,Northern
Rumphi,2022/23,2022,341.2,synthetic,2000-12-06,12.0,December,2020s,Northern
Rumphi,2023/24,2023,343.7,synthetic,2000-12-08,12.0,December,2020s,Northern
Salima,1990/91,1990,313.3,synthetic,2000-11-08,11.0,November,1990s,Central
Salima,1991/92,1991,331.3,synthetic,2000-11-26,11.0,November,1990s,Central
Salima,1992/93,1992,322.1,synthetic,2000-11-17,11.0,November,1990s,Central
Salima,1993/94,1993,323.5,synthetic,2000-11-18,11.0,November,1990s,Central
Salima,1994/95,1994,329.6,synthetic,2000-11-24,11.0,November,1990s,Central
Salima,1995/96,1995,,synthetic,,,,1990s,Central
Salima,1996/97,1996,321.9,synthetic,2000-11-16,11.0,November,1990s,Central
Salima,1997/98,1997,334.6,synthetic,2000-11-29,11.0,November,1990s,Central
Salima,1998/99,1998,,synthetic,,,,1990s,Central
Salima,1999/00,1999,319.4,synthetic,2000-11-14,11.0,November,1990s,Central
Salima,2000/01,2000,323.5,synthetic,2000-11-18,11.0,November,2000s,Central
Salima,2001/02,2001,324.3,synthetic,2000-11-19,11.0,November,2000s,Central
Salima,2002/03,2002,344.3,synthetic,2000-12-09,12.0,December,2000s,Central
Salima,2003/04,2003,334.2,synthetic,2000-11-29,11.0,November,2000s,Central
Salima,2004/05,2004,347.3,synthetic,2000-12-12,12.0,December,2000s,Central
Salima,2005/06,2005,319.5,synthetic,2000-11-14,11.0,November,2000s,Central
Salima,2006/07,2006,332.4,synthetic,2000-11-27,11.0,November,2000s,Central
Salima,2007/08,2007,330.7,synthetic,2000-11-25,11.0,November,2000s,Central
Salima,2008/09,2008,328.9,synthetic,2000-11-23,11.0,November,2000s,Central
Salima,2009/10,2009,340.5,synthetic,2000-12-05,12.0,December,2000s,Central
Salima,2010/11,2010,329.0,synthetic,2000-11-24,11.0,November,2010s,Central
Salima,2011/12,2011,328.5,synthetic,2000-11-23,11.0,November,2010s,Central
Salima,2012/13,2012,334.6,synthetic,2000-11-29,11.0,November,2010s,Central
Salima,2013/14,2013,336.1,synthetic,2000-12-01,12.0,December,2010s,Central
Salima,2014/15,2014,338.7,synthetic,2000-12-03,12.0,December,2010s,Central
Salima,2015/16,2015,345.1,synthetic,2000-12-10,12.0,December,2010s,Central
Salima,2016/17,2016,337.6,synthetic,2000-12-02,12.0,December,2010s,Central
Salima,2017/18,2017,333.9,synthetic,2000-11-28,11.0,November,2010s,Central
Salima,2018/19,2018,350.6,synthetic,2000-12-15,12.0,December,2010s,Central
Salima,2019/20,2019,335.9,synthetic,2000-11-30,11.0,November,2010s,Central
Salima,2020/21,2020,332.5,synthetic,2000-11-27,11.0,November,2020s,Central
Salima,2021/22,2021,332.4,synthetic,2000-11-27,11.0,November,2020s,Central
Salima,2022/23,2022,339.2,synthetic,2000-12-04,12.0,December,2020s,Central
Salima,2023/24,2023,348.8,synthetic,2000-12-13,12.0,December,2020s,Central
Thyolo,1990/91,1990,305.3,synthetic,2000-10-31,10.0,October,1990s,Southern
Thyolo,1991/92,1991,317.6,synthetic,2000-11-12,11.0,November,1990s,Southern
Thyolo,1992/93,1992,315.8,synthetic,2000-11-10,11.0,November,1990s,Southern
Thyolo,1993/94,1993,305.2,synthetic,2000-10-31,10.0,October,1990s,Southern
Thyolo,1994/95,1994,320.6,synthetic,2000-11-15,11.0,November,1990s,Southern
Thyolo,1995/96,1995,302.7,synthetic,2000-10-28,10.0,October,1990s,Southern
Thyolo,1996/97,1996,306.7,synthetic,2000-11-01,11.0,November,1990s,Southern
Thyolo,1997/98,1997,329.5,synthetic,2000-11-24,11.0,November,1990s,Southern
Thyolo,1998/99,1998,316.8,synthetic,2000-11-11,11.0,November,1990s,Southern
Thyolo,1999/00,1999,305.1,synthetic,2000-10-31,10.0,October,1990s,Southern
Thyolo,2000/01,2000,299.3,synthetic,2000-10-25,10.0,October,2000s,Southern
Thyolo,2001/02,2001,306.2,synthetic,2000-11-01,11.0,November,2000s,Southern
Thyolo,2002/03,2002,323.9,synthetic,2000-11-18,11.0,November,2000s,Southern
Thyolo,2003/04,2003,317.6,synthetic,2000-11-12,11.0,November,2000s,Southern
Thyolo,2004/05,2004,323.7,synthetic,2000-11-18,11.0,November,2000s,Southern
Thyolo,2005/06,2005,308.4,synthetic,2000-11-03,11.0,November,2000s,Southern
Thyolo,2006/07,2006,314.8,synthetic,2000-11-09,11.0,November,2000s,Southern
Thyolo,2007/08,2007,319.2,synthetic,2000-11-14,11.0,November,2000s,Southern
Thyolo,2008/09,2008,319.5,synthetic,2000-11-14,11.0,November,2000s,Southern
Thyolo,2009/10,2009,323.9,synthetic,2000-11-18,11.0,November,2000s,Southern
Thyolo,2010/11,2010,305.9,synthetic,2000-10-31,10.0,October,2010s,Southern
Thyolo,2011/12,2011,303.7,synthetic,2000-10-29,10.0,October,2010s,Southern
Thyolo,2012/13,2012,315.0,synthetic,2000-11-10,11.0,November,2010s,Southern
Thyolo,2013/14,2013,319.9,synthetic,2000-11-14,11.0,November,2010s,Southern
Thyolo,2014/15,2014,314.7,synthetic,2000-11-09,11.0,November,2010s,Southern
Thyolo,2015/16,2015,332.5,synthetic,2000-11-27,11.0,November,2010s,Southern
Thyolo,2016/17,2016,321.7,synthetic,2000-11-16,11.0,November,2010s,Southern
Thyolo,2017/18,2017,324.9,synthetic,2000-11-19,11.0,November,2010s,Southern
Thyolo,2018/19,2018,327.6,synthetic,2000-11-22,11.0,November,2010s,Southern
Thyolo,2019/20,2019,317.1,synthetic,2000-11-12,11.0,November,2010s,Southern
Thyolo,2020/21,2020,314.5,synthetic,2000-11-09,11.0,November,2020s,Southern
Thyolo,2021/22,2021,308.6,synthetic,2000-11-03,11.0,November,2020s,Southern
Thyolo,2022/23,2022,319.7,synthetic,2000-11-14,11.0,November,2020s,Southern
Thyolo,2023/24,2023,338.6,synthetic,2000-12-03,12.0,December,2020s,Southern
Zomba,1990/91,1990,307.5,synthetic,2000-11-02,11.0,November,1990s,Southern
Zomba,1991/92,1991,320.2,synthetic,2000-11-15,11.0,November,1990s,Southern
Zomba,1992/93,1992,314.6,synthetic,2000-11-09,11.0,November,1990s,Southern
Zomba,1993/94,1993,309.8,synthetic,2000-11-04,11.0,November,1990s,Southern
Zomba,1994/95,1994,324.6,synthetic,2000-11-19,11.0,November,1990s,Southern
Zomba,1995/96,1995,,synthetic,,,,1990s,Southern
Zomba,1996/97,1996,307.0,synthetic,2000-11-02,11.0,November,1990s,Southern
Zomba,1997/98,1997,328.9,synthetic,2000-11-23,11.0,November,1990s,Southern
Zomba,1998/99,1998,316.6,synthetic,2000-11-11,11.0,November,1990s,Southern
Zomba,1999/00,1999,303.6,synthetic,2000-10-29,10.0,October,1990s,Southern
Zomba,2000/01,2000,317.6,synthetic,2000-11-12,11.0,November,2000s,Southern
Zomba,2001/02,2001,304.2,synthetic,2000-10-30,10.0,October,2000s,Southern
Zomba,2002/03,2002,326.2,synthetic,2000-11-21,11.0,November,2000s,Southern
Zomba,2003/04,2003,324.1,synthetic,2000-11-19,11.0,November,2000s,Southern
Zomba,2004/05,2004,320.5,synthetic,2000-11-15,11.0,November,2000s,Southern
Zomba,2005/06,2005,322.6,synthetic,2000-11-17,11.0,November,2000s,Southern
Zomba,2006/07,2006,324.3,synthetic,2000-11-19,11.0,November,2000s,Southern
Zomba,2007/08,2007,294.4,synthetic,2000-10-20,10.0,October,2000s,Southern
Zomba,2008/09,2008,332.7,synthetic,2000-11-27,11.0,November,2000s,Southern
Zomba,2009/10,2009,338.7,synthetic,2000-12-03,12.0,December,2000s,Southern
Zomba,2010/11,2010,319.7,synthetic,2000-11-14,11.0,November,2010s,Southern
Zomba,2011/12,2011,321.6,synthetic,2000-11-16,11.0,November,2010s,Southern
Zomba,2012/13,2012,328.8,synthetic,2000-11-23,11.0,November,2010s,Southern
Zomba,2013/14,2013,326.1,synthetic,2000-11-21,11.0,November,2010s,Southern
Zomba,2014/15,2014,331.1,synthetic,2000-11-26,11.0,November,2010s,Southern
Zomba,2015/16,2015,341.3,synthetic,2000-12-06,12.0,December,2010s,Southern
Zomba,2016/17,2016,320.2,synthetic,2000-11-15,11.0,November,2010s,Southern
Zomba,2017/18,2017,323.2,synthetic,2000-11-18,11.0,November,2010s,Southern
Zomba,2018/19,2018,321.6,synthetic,2000-11-16,11.0,November,2010s,Southern
Zomba,2019/20,2019,328.1,synthetic,2000-11-23,11.0,November,2010s,Southern
Zomba,2020/21,2020,319.8,synthetic,2000-11-14,11.0,November,2020s,Southern
Zomba,2021/22,2021,322.7,synthetic,2000-11-17,11.0,November,2020s,Southern
Zomba,2022/23,2022,335.3,synthetic,2000-11-30,11.0,November,2020s,Southern
Zomba,2023/24,2023,340.7,synthetic,2000-12-05,12.0,December,2020s,Southern
Likoma,1990/91,1990,338.4,synthetic,2000-12-03,12.0,December,1990s,Northern
Likoma,1991/92,1991,342.1,synthetic,2000-12-07,12.0,December,1990s,Northern
Likoma,1992/93,1992,325.9,synthetic,2000-11-20,11.0,November,1990s,Northern
Likoma,1993/94,1993,329.3,synthetic,2000-11-24,11.0,November,1990s,Northern
Likoma,1994/95,1994,338.1,synthetic,2000-12-03,12.0,December,1990s,Northern
Likoma,1995/96,1995,313.7,synthetic,2000-11-08,11.0,November,1990s,Northern
Likoma,1996/97,1996,327.3,synthetic,2000-11-22,11.0,November,1990s,Northern
Likoma,1997/98,1997,356.3,synthetic,2000-12-21,12.0,December,1990s,Northern
Likoma,1998/99,1998,328.6,synthetic,2000-11-23,11.0,November,1990s,Northern
Likoma,1999/00,1999,,synthetic,,,,1990s,Northern
Likoma,2000/01,2000,317.4,synthetic,2000-11-12,11.0,November,2000s,Northern
Likoma,2001/02,2001,325.4,synthetic,2000-11-20,11.0,November,2000s,Northern
Likoma,2002/03,2002,343.8,synthetic,2000-12-08,12.0,December,2000s,Northern
Likoma,2003/04,2003,330.1,synthetic,2000-11-25,11.0,November,2000s,Northern
Likoma,2004/05,2004,329.9,synthetic,2000-11-24,11.0,November,2000s,Northern
Likoma,2005/06,2005,333.1,synthetic,2000-11-28,11.0,November,2000s,Northern
Likoma,2006/07,2006,341.0,synthetic,2000-12-06,12.0,December,2000s,Northern
Likoma,2007/08,2007,326.7,synthetic,2000-11-21,11.0,November,2000s,Northern
Likoma,2008/09,2008,347.6,synthetic,2000-12-12,12.0,December,2000s,Northern
Likoma,2009/10,2009,337.6,synthetic,2000-12-02,12.0,December,2000s,Northern
Likoma,2010/11,2010,323.1,synthetic,2000-11-18,11.0,November,2010s,Northern
Likoma,2011/12,2011,338.5,synthetic,2000-12-03,12.0,December,2010s,Northern
Likoma,2012/13,2012,319.4,synthetic,2000-11-14,11.0,November,2010s,Northern
Likoma,2013/14,2013,330.2,synthetic,2000-11-25,11.0,November,2010s,Northern
Likoma,2014/15,2014,334.3,synthetic,2000-11-29,11.0,November,2010s,Northern
Likoma,2015/16,2015,337.5,synthetic,2000-12-02,12.0,December,2010s,Northern
Likoma,2016/17,2016,339.7,synthetic,2000-12-04,12.0,December,2010s,Northern
Likoma,2017/18,2017,326.4,synthetic,2000-11-21,11.0,November,2010s,Northern
Likoma,2018/19,2018,345.1,synthetic,2000-12-10,12.0,December,2010s,Northern
Likoma,2019/20,2019,341.1,synthetic,2000-12-06,12.0,December,2010s,Northern
Likoma,2020/21,2020,325.7,synthetic,2000-11-20,11.0,November,2020s,Northern
Likoma,2021/22,2021,326.9,synthetic,2000-11-21,11.0,November,2020s,Northern
Likoma,2022/23,2022,341.6,synthetic,2000-12-06,12.0,December,2020s,Northern
Likoma,2023/24,2023,351.7,synthetic,2000-12-16,12.0,December,2020s,Northern
